id,first_name,last_name,email,gender,ip_address
1,Joseito,Neno,jneno0@tamu.edu,Male,181.34.250.204
2,Kaspar,Kaufman,kkaufman1@baidu.com,Male,243.155.184.97
3,Mildrid,Alexsandrev,malexsandrev2@surveymonkey.com,Female,173.192.115.110
4,Ronica,Paramor,rparamor3@parallels.com,Female,29.182.251.193
5,Sheeree,Egre,segre4@toplist.cz,Non-binary,200.23.126.60
6,Marabel,Cummine,mcummine5@last.fm,Female,97.70.31.191
7,Augustine,Fillery,afillery6@is.gd,Male,141.222.115.158
8,Gayler,Cathro,gcathro7@vimeo.com,Male,98.38.198.43
9,Enrico,Balmer,ebalmer8@uol.com.br,Genderfluid,56.86.142.176
10,Roselia,Ansett,ransett9@dagondesign.com,Female,26.214.157.164
11,Tadio,Wickman,twickmana@nydailynews.com,Male,204.165.81.188
12,Livy,Guess,lguessb@webmd.com,Female,220.235.28.244
13,Barnabe,Tennock,btennockc@twitpic.com,Male,223.178.58.244
14,Augustus,Haxbie,ahaxbied@xing.com,Male,178.132.111.39
15,Zoe,Gossan,zgossane@networkadvertising.org,Genderqueer,196.252.150.141
16,Bartlett,Yole,byolef@nymag.com,Male,139.236.242.5
17,Gabey,O'Geneay,gogeneayg@statcounter.com,Female,164.244.232.243
18,Kiah,Yushkov,kyushkovh@imgur.com,Female,151.62.108.92
19,Carie,Bridat,cbridati@theguardian.com,Female,85.93.230.69
20,Imogene,Gammill,igammillj@shop-pro.jp,Female,104.87.6.109
21,Merrick,Atkirk,matkirkk@github.com,Male,9.132.40.21
22,Joseito,Dieton,jdietonl@linkedin.com,Male,99.159.77.99
23,Bay,Lissimore,blissimorem@a8.net,Male,255.38.249.27
24,Sonnnie,Petr,spetrn@alexa.com,Female,221.140.207.34
25,Georg,Rosewell,grosewello@acquirethisname.com,Male,207.194.78.122
26,Virginia,Branford,vbranfordp@nbcnews.com,Female,230.39.175.62
27,Amalie,Dureden,aduredenq@addthis.com,Female,88.94.95.112
28,Gibbie,Bogaert,gbogaertr@sciencedaily.com,Male,231.124.113.235
29,Kailey,Strattan,kstrattans@dailymotion.com,Female,213.12.226.190
30,Aldis,Blincko,ablinckot@digg.com,Male,143.133.108.85
31,Cherice,Mungham,cmunghamu@photobucket.com,Female,139.114.11.98
32,Amos,Hannond,ahannondv@amazon.co.uk,Male,156.120.242.14
33,Phoebe,Biddy,pbiddyw@umich.edu,Female,111.59.130.33
34,Valaria,MacDermand,vmacdermandx@archive.org,Genderfluid,26.210.14.112
35,Cherrita,Chevins,cchevinsy@cmu.edu,Female,160.48.225.198
36,Virgie,Domniney,vdomnineyz@artisteer.com,Male,91.202.9.44
37,Sephira,Housbie,shousbie10@livejournal.com,Female,87.166.87.160
38,Jelene,Sturch,jsturch11@bbb.org,Female,41.21.11.235
39,Agace,Reasce,areasce12@cnet.com,Female,82.129.203.167
40,Olimpia,Brogden,obrogden13@arizona.edu,Female,96.107.143.23
41,Thebault,Gosson,tgosson14@desdev.cn,Genderqueer,226.108.182.189
42,Major,Schaben,mschaben15@ow.ly,Male,191.100.148.178
43,Tate,Hillaby,thillaby16@gravatar.com,Female,34.18.52.225
44,Tressa,Kemet,tkemet17@nytimes.com,Female,251.165.3.37
45,Haywood,Archbould,harchbould18@eventbrite.com,Male,67.0.129.139
46,Austin,Leynagh,aleynagh19@yellowbook.com,Male,248.225.64.173
47,Erminie,Brodnecke,ebrodnecke1a@booking.com,Female,182.238.183.135
48,Mariellen,Pentland,mpentland1b@chron.com,Female,105.3.243.76
49,Rochella,Sher,rsher1c@parallels.com,Female,53.142.1.23
50,Krisha,Dart,kdart1d@spiegel.de,Male,98.41.33.210
51,Thea,Muzzini,tmuzzini1e@thetimes.co.uk,Female,89.217.115.16
52,Eulalie,Rentoll,erentoll1f@e-recht24.de,Female,158.208.82.115
53,Welsh,Suttell,wsuttell1g@state.gov,Genderfluid,175.208.49.6
54,Darius,Le Maitre,dlemaitre1h@aol.com,Male,214.133.160.106
55,Barbabra,Toynbee,btoynbee1i@seesaa.net,Female,192.20.245.109
56,Cybill,Tinston,ctinston1j@fastcompany.com,Female,121.89.9.185
57,Warren,McKelvie,wmckelvie1k@vk.com,Male,72.235.186.195
58,Grazia,Weiser,gweiser1l@latimes.com,Female,45.225.64.96
59,Lane,Uzzell,luzzell1m@zdnet.com,Male,5.158.151.248
60,Ivette,Capes,icapes1n@posterous.com,Agender,154.43.202.8
61,Annamarie,Farncombe,afarncombe1o@51.la,Female,29.32.11.35
62,Marijo,Hane,mhane1p@creativecommons.org,Female,99.233.214.211
63,Arabelle,Terrazzo,aterrazzo1q@de.vu,Female,50.218.186.186
64,Hillery,Franciottoi,hfranciottoi1r@studiopress.com,Genderfluid,77.72.110.109
65,Marlowe,Furby,mfurby1s@hostgator.com,Male,223.188.125.185
66,Eleni,Chenery,echenery1t@miitbeian.gov.cn,Female,142.219.151.163
67,Wit,Dugood,wdugood1u@cisco.com,Genderfluid,122.144.196.98
68,Waylan,Huddles,whuddles1v@reverbnation.com,Male,103.41.23.174
69,Sam,Teodorski,steodorski1w@stanford.edu,Female,110.118.50.159
70,Gabby,Dye,gdye1x@paypal.com,Male,162.107.116.118
71,Germaine,Rennix,grennix1y@opensource.org,Female,109.222.107.245
72,Aundrea,Hanhardt,ahanhardt1z@squarespace.com,Female,65.91.54.173
73,Ashil,Wadeling,awadeling20@vkontakte.ru,Female,1.249.63.154
74,Timothee,Powers,tpowers21@cpanel.net,Male,114.148.238.175
75,Andie,Beesey,abeesey22@sakura.ne.jp,Female,99.93.98.58
76,Claribel,Yankeev,cyankeev23@discovery.com,Female,56.123.159.214
77,Wenona,Shipway,wshipway24@blogspot.com,Female,124.181.155.161
78,Candida,Benterman,cbenterman25@shareasale.com,Female,43.55.35.228
79,Barth,Brockman,bbrockman26@mac.com,Non-binary,149.72.196.226
80,Viole,Durrington,vdurrington27@amazon.co.jp,Female,62.146.40.104
81,Tina,Gamble,tgamble28@discovery.com,Female,63.210.161.162
82,Jake,Tallboy,jtallboy29@ucoz.com,Male,188.234.179.57
83,Butch,Sydney,bsydney2a@github.com,Genderqueer,243.190.202.212
84,Gwyn,Ungerechts,gungerechts2b@wordpress.org,Female,22.236.231.146
85,Bobbette,Latore,blatore2c@webs.com,Female,93.134.149.203
86,Carlota,Hullins,chullins2d@mayoclinic.com,Female,183.241.34.132
87,Stu,Skehens,sskehens2e@amazon.de,Male,181.246.215.142
88,Lurette,Appleyard,lappleyard2f@aboutads.info,Female,202.205.207.106
89,Delcine,MacAdie,dmacadie2g@vistaprint.com,Female,3.254.106.77
90,Algernon,Lyokhin,alyokhin2h@europa.eu,Male,127.173.98.43
91,Corena,Winder,cwinder2i@yelp.com,Female,0.72.11.224
92,Kirbee,Oliff,koliff2j@sourceforge.net,Female,77.23.43.155
93,Emmalynn,Latore,elatore2k@cyberchimps.com,Non-binary,157.68.242.212
94,Janaye,Silverson,jsilverson2l@biglobe.ne.jp,Female,129.79.55.242
95,Chad,Horlock,chorlock2m@hexun.com,Male,114.161.52.226
96,Chev,Bell,cbell2n@wufoo.com,Male,251.59.103.140
97,Nels,Tethcote,ntethcote2o@nba.com,Male,140.27.75.72
98,Chip,Ettridge,cettridge2p@mlb.com,Male,125.159.214.206
99,Avie,Hazlewood,ahazlewood2q@redcross.org,Female,190.166.193.161
100,Zondra,Vernazza,zvernazza2r@sogou.com,Female,27.255.242.196
101,Arabela,Filipczynski,afilipczynski2s@cyberchimps.com,Female,54.137.246.34
102,Hana,Haseley,hhaseley2t@123-reg.co.uk,Female,32.213.21.178
103,Pate,Sambals,psambals2u@arstechnica.com,Male,174.69.133.171
104,Shanta,Franc,sfranc2v@goo.gl,Female,136.4.28.57
105,Hayward,Huriche,hhuriche2w@rediff.com,Bigender,219.244.231.78
106,Ashla,Romain,aromain2x@comsenz.com,Female,176.32.171.221
107,Trevar,MacDonough,tmacdonough2y@blinklist.com,Male,166.26.46.146
108,Alix,Cody,acody2z@umich.edu,Male,84.194.95.123
109,Blancha,Wishart,bwishart30@instagram.com,Agender,190.100.99.125
110,Lacee,Farley,lfarley31@ucoz.com,Female,98.165.253.138
111,Ariela,Clineck,aclineck32@dion.ne.jp,Female,41.60.131.63
112,Ermanno,Urien,eurien33@geocities.com,Male,11.152.41.15
113,Valentino,Swalowe,vswalowe34@jiathis.com,Male,169.236.77.140
114,Corette,Royan,croyan35@bing.com,Female,64.115.152.96
115,Verna,Cawood,vcawood36@dyndns.org,Female,225.4.59.160
116,Hailee,Cannop,hcannop37@huffingtonpost.com,Female,41.131.112.125
117,Boonie,Bushell,bbushell38@amazon.co.jp,Male,82.204.182.130
118,Nil,Hasluck,nhasluck39@dropbox.com,Male,141.44.5.104
119,Reinhold,Cowlin,rcowlin3a@tamu.edu,Male,10.102.8.47
120,Rochette,Roscrigg,rroscrigg3b@shareasale.com,Female,188.5.69.131
121,Phillis,Jouannot,pjouannot3c@delicious.com,Female,12.237.141.8
122,Bettine,Bromilow,bbromilow3d@wisc.edu,Bigender,208.68.112.188
123,Gina,Perrie,gperrie3e@indiegogo.com,Female,143.252.187.189
124,Jacobo,Caldicott,jcaldicott3f@craigslist.org,Male,137.30.33.150
125,Marijn,McKinie,mmckinie3g@github.com,Male,1.236.121.197
126,Mildrid,Cowans,mcowans3h@a8.net,Female,34.156.210.156
127,Sergei,Caselli,scaselli3i@behance.net,Male,178.180.181.122
128,Ricki,Eastup,reastup3j@cdbaby.com,Male,228.34.116.21
129,Iggie,Gatsby,igatsby3k@ocn.ne.jp,Male,166.254.196.32
130,Sydelle,Eddy,seddy3l@guardian.co.uk,Female,204.181.27.205
131,Cosmo,Teasell,cteasell3m@mediafire.com,Male,105.50.68.248
132,Chas,Linwood,clinwood3n@netscape.com,Male,108.35.125.139
133,Hewitt,Linley,hlinley3o@smh.com.au,Male,19.65.215.71
134,Harold,Gadd,hgadd3p@mysql.com,Male,67.93.100.119
135,Archaimbaud,Abbey,aabbey3q@simplemachines.org,Male,51.169.173.79
136,Joela,Harrie,jharrie3r@sciencedaily.com,Female,244.228.41.242
137,Inez,Ansell,iansell3s@ftc.gov,Female,113.226.19.91
138,Kyle,Bennike,kbennike3t@seesaa.net,Male,37.46.239.67
139,Briny,Duthy,bduthy3u@google.com.br,Female,38.77.198.205
140,Joann,Brilon,jbrilon3v@squarespace.com,Female,181.214.255.177
141,Arvy,Euplate,aeuplate3w@ed.gov,Male,172.102.243.4
142,Opal,Mahaddy,omahaddy3x@biglobe.ne.jp,Female,56.187.104.97
143,Cassandre,Tomaszek,ctomaszek3y@qq.com,Female,73.126.158.122
144,Brigid,Hiers,bhiers3z@amazon.de,Female,172.34.100.117
145,Stephani,Lidell,slidell40@ft.com,Female,129.118.116.118
146,Anett,Scholcroft,ascholcroft41@cbc.ca,Female,228.10.198.252
147,Frederik,Empson,fempson42@yellowpages.com,Male,224.98.70.150
148,Lazar,Goathrop,lgoathrop43@purevolume.com,Male,122.233.195.93
149,Ty,Tregenna,ttregenna44@dailymotion.com,Male,102.160.193.81
150,Barbee,Feifer,bfeifer45@youku.com,Female,232.237.181.227
151,Lethia,Tummasutti,ltummasutti46@prlog.org,Female,154.141.51.134
152,James,Exter,jexter47@admin.ch,Male,53.90.109.92
153,Darleen,Harrell,dharrell48@gov.uk,Agender,130.232.6.189
154,Wiley,Lowell,wlowell49@youku.com,Male,254.90.130.83
155,Josefina,Matteo,jmatteo4a@chicagotribune.com,Female,37.151.167.118
156,Marcos,Johnys,mjohnys4b@csmonitor.com,Male,168.183.77.18
157,Sofie,Millett,smillett4c@webmd.com,Female,230.13.219.168
158,Hildy,Hellwing,hhellwing4d@w3.org,Female,181.149.197.31
159,Jaime,Rollason,jrollason4e@cnet.com,Female,104.244.88.22
160,Joyce,Dengel,jdengel4f@bbb.org,Female,0.130.88.155
161,Bary,Vaan,bvaan4g@alibaba.com,Male,118.152.30.29
162,Breanne,MacDiarmid,bmacdiarmid4h@sciencedaily.com,Female,136.234.151.229
163,Trev,Chasemore,tchasemore4i@netvibes.com,Male,137.79.169.138
164,Romeo,Elsop,relsop4j@51.la,Male,30.103.131.14
165,Stu,Heibel,sheibel4k@bravesites.com,Male,111.136.182.5
166,Helge,MacCosty,hmaccosty4l@nymag.com,Female,37.198.126.95
167,Quintina,Eydel,qeydel4m@bandcamp.com,Female,73.150.0.209
168,Clarence,Clutterbuck,cclutterbuck4n@nhs.uk,Male,192.211.34.182
169,Jodi,Blewis,jblewis4o@wufoo.com,Male,131.67.161.64
170,Elyn,Hilley,ehilley4p@disqus.com,Female,67.85.56.94
171,Sherry,Clapson,sclapson4q@epa.gov,Female,207.13.150.137
172,Quintus,Bremond,qbremond4r@fema.gov,Male,155.221.2.224
173,Lucilia,Lagen,llagen4s@icio.us,Female,230.252.92.10
174,Cinda,Gue,cgue4t@theatlantic.com,Female,10.95.5.89
175,Tomasine,Thornborrow,tthornborrow4u@dot.gov,Female,162.22.16.158
176,Chandler,Vallentine,cvallentine4v@fema.gov,Male,83.33.164.10
177,Eva,Sunnex,esunnex4w@wsj.com,Female,185.99.36.193
178,Joseito,Toomer,jtoomer4x@fda.gov,Male,37.26.90.60
179,Nial,Claypoole,nclaypoole4y@goo.ne.jp,Male,22.254.252.228
180,Roobbie,Bridgwood,rbridgwood4z@nsw.gov.au,Female,111.93.162.186
181,Graham,Leonarde,gleonarde50@artisteer.com,Male,35.183.100.32
182,Joan,Vosse,jvosse51@soundcloud.com,Female,215.173.191.170
183,Husein,Eblein,heblein52@marriott.com,Male,250.178.68.223
184,Verna,Lambden,vlambden53@icio.us,Female,209.33.26.192
185,Nikkie,Seal,nseal54@bing.com,Agender,173.110.224.21
186,Lizette,Deason,ldeason55@wix.com,Female,46.199.46.179
187,Kaleb,Bysh,kbysh56@wikipedia.org,Male,113.90.235.157
188,Phip,Friedenbach,pfriedenbach57@amazon.de,Male,135.157.80.58
189,Karna,Asmus,kasmus58@epa.gov,Female,216.10.82.29
190,Hulda,Sycamore,hsycamore59@alexa.com,Female,72.180.234.42
191,Barry,Marti,bmarti5a@wired.com,Male,26.246.51.30
192,Frederick,Elmhurst,felmhurst5b@linkedin.com,Genderqueer,231.199.150.172
193,Brendan,Imeson,bimeson5c@bbb.org,Male,78.228.73.97
194,Elvira,McClean,emcclean5d@bigcartel.com,Female,67.189.85.192
195,Stace,Arthan,sarthan5e@craigslist.org,Genderfluid,232.22.173.125
196,Park,Mattke,pmattke5f@mac.com,Male,248.78.109.122
197,Konrad,De Filippo,kdefilippo5g@fema.gov,Male,98.76.215.120
198,Mavra,Middle,mmiddle5h@patch.com,Female,97.140.220.33
199,Phillida,Zamboniari,pzamboniari5i@ehow.com,Female,13.111.235.111
200,Keri,Sexon,ksexon5j@edublogs.org,Female,55.229.35.106
201,Terrye,Eckart,teckart5k@alibaba.com,Female,22.58.40.31
202,Virginia,Pendock,vpendock5l@pinterest.com,Female,233.163.33.133
203,Brian,Buterton,bbuterton5m@wordpress.org,Male,111.245.131.180
204,Randa,Lorenzo,rlorenzo5n@vk.com,Polygender,151.255.248.25
205,Julio,Hovey,jhovey5o@bandcamp.com,Male,12.196.111.254
206,Ronda,Chopy,rchopy5p@furl.net,Female,111.180.133.146
207,Editha,Stratten,estratten5q@army.mil,Female,110.243.44.194
208,Dalenna,Sedge,dsedge5r@google.nl,Female,164.251.243.61
209,Humbert,Lucio,hlucio5s@wikimedia.org,Male,164.18.46.190
210,Sada,Loache,sloache5t@ehow.com,Female,12.236.169.58
211,Cosette,Wilks,cwilks5u@hugedomains.com,Female,175.37.31.194
212,Ansel,Cleevely,acleevely5v@geocities.jp,Male,238.91.238.51
213,Mil,Climie,mclimie5w@myspace.com,Female,117.59.67.142
214,Janith,Finding,jfinding5x@usda.gov,Female,232.229.158.178
215,Deedee,Cracker,dcracker5y@wikia.com,Female,237.196.83.189
216,Sigfrid,Vost,svost5z@comcast.net,Male,133.19.71.222
217,Killie,Bollard,kbollard60@earthlink.net,Male,151.250.119.57
218,Herrick,Mugleston,hmugleston61@alibaba.com,Male,5.73.150.6
219,Mano,Kemson,mkemson62@washington.edu,Male,41.92.228.221
220,Odey,Broun,obroun63@google.it,Genderqueer,245.172.239.119
221,Regen,Stansell,rstansell64@alibaba.com,Male,57.69.35.233
222,Danny,Dayce,ddayce65@deliciousdays.com,Genderqueer,193.253.117.120
223,Rutledge,Ende,rende66@privacy.gov.au,Male,5.233.77.210
224,Elva,Robertson,erobertson67@blogs.com,Female,42.249.241.129
225,Andrey,Henaughan,ahenaughan68@elegantthemes.com,Male,42.98.23.154
226,Fenelia,Alvin,falvin69@bravesites.com,Female,16.75.234.88
227,Clarke,Howland,chowland6a@freewebs.com,Male,196.24.21.45
228,Hirsch,Kingcott,hkingcott6b@people.com.cn,Male,156.193.45.139
229,Alyssa,Craighill,acraighill6c@twitpic.com,Female,13.164.204.157
230,Kenneth,Fleetham,kfleetham6d@trellian.com,Male,218.109.75.106
231,Maurine,Scholard,mscholard6e@weebly.com,Female,120.194.146.48
232,Mathian,Inkin,minkin6f@nydailynews.com,Male,160.246.27.93
233,Benedict,Lerigo,blerigo6g@smugmug.com,Male,202.100.6.151
234,Lettie,Nare,lnare6h@webs.com,Female,26.204.238.246
235,Camey,McAmish,cmcamish6i@simplemachines.org,Male,7.223.90.112
236,Lauralee,Hegges,lhegges6j@shinystat.com,Polygender,153.185.165.31
237,Munmro,Sweeting,msweeting6k@123-reg.co.uk,Non-binary,78.7.93.72
238,Rachel,Racher,rracher6l@comsenz.com,Female,135.113.211.122
239,Avictor,Fryers,afryers6m@cornell.edu,Male,26.189.245.42
240,Charlean,Kitchingman,ckitchingman6n@berkeley.edu,Female,210.93.158.86
241,Esma,Jacomb,ejacomb6o@state.tx.us,Female,254.48.195.190
242,Ase,Leedal,aleedal6p@sphinn.com,Male,113.42.206.73
243,Tore,Conew,tconew6q@tuttocitta.it,Male,82.71.125.90
244,Shell,Atyeo,satyeo6r@nasa.gov,Male,85.148.186.100
245,Fernanda,Roderighi,froderighi6s@state.gov,Female,46.106.244.180
246,Nels,Schusterl,nschusterl6t@statcounter.com,Male,52.192.183.4
247,Thibaud,Simonou,tsimonou6u@weibo.com,Male,233.191.73.247
248,Cesaro,Maggill'Andreis,cmaggillandreis6v@usatoday.com,Male,211.224.193.101
249,Vaughn,Bloor,vbloor6w@github.io,Male,14.152.213.104
250,Tracie,O'Kane,tokane6x@blogspot.com,Male,31.164.95.208
251,Martina,Brotheridge,mbrotheridge6y@bloglines.com,Female,146.192.238.3
252,Beaufort,Algar,balgar6z@dailymail.co.uk,Male,52.56.246.13
253,Abagael,Barrott,abarrott70@vkontakte.ru,Agender,16.30.71.92
254,Leonhard,Dickie,ldickie71@webmd.com,Male,39.237.11.127
255,Dara,Freda,dfreda72@scientificamerican.com,Female,215.206.59.37
256,Basilio,Raggitt,braggitt73@github.com,Genderfluid,110.97.151.128
257,Mar,Askaw,maskaw74@yale.edu,Male,111.247.152.42
258,Christie,Lympenie,clympenie75@tamu.edu,Female,161.169.172.219
259,Willi,Coalbran,wcoalbran76@scientificamerican.com,Female,61.181.46.100
260,Paulie,MacMurray,pmacmurray77@shop-pro.jp,Female,193.174.146.110
261,Carley,Pignon,cpignon78@taobao.com,Female,59.27.165.230
262,Elsie,Padgett,epadgett79@blogger.com,Female,142.175.160.157
263,Micheil,Conwell,mconwell7a@jugem.jp,Male,79.217.89.37
264,Elnore,Lapslie,elapslie7b@telegraph.co.uk,Female,101.92.81.148
265,Tommie,Oakden,toakden7c@google.co.jp,Male,218.169.23.123
266,Layne,Camocke,lcamocke7d@tuttocitta.it,Female,178.54.184.35
267,Gillan,Chritchlow,gchritchlow7e@tmall.com,Female,205.200.189.150
268,Marie-ann,Robroe,mrobroe7f@xinhuanet.com,Female,179.183.109.18
269,Chane,Pesticcio,cpesticcio7g@utexas.edu,Male,46.111.166.220
270,Alvis,Evason,aevason7h@usda.gov,Male,35.152.15.116
271,Sile,Goldie,sgoldie7i@wufoo.com,Female,228.213.112.192
272,Kimberley,Pietersma,kpietersma7j@bravesites.com,Female,245.49.124.17
273,Katina,Ghidoli,kghidoli7k@nifty.com,Bigender,42.195.167.94
274,Hilly,Duggleby,hduggleby7l@dmoz.org,Male,71.199.153.11
275,Morgen,O'Hdirscoll,mohdirscoll7m@imgur.com,Female,245.106.34.236
276,Brady,Dolder,bdolder7n@engadget.com,Male,188.95.229.21
277,Fran,Carrol,fcarrol7o@spiegel.de,Male,27.80.220.72
278,Yelena,McCumesky,ymccumesky7p@acquirethisname.com,Female,218.247.164.112
279,Olin,Endrighi,oendrighi7q@ning.com,Male,41.192.26.23
280,Olly,Dioniso,odioniso7r@umn.edu,Male,196.156.192.147
281,Lonnard,Harvey,lharvey7s@g.co,Male,93.202.84.50
282,Guillaume,Minot,gminot7t@nymag.com,Male,94.214.123.146
283,Sutherland,Horbart,shorbart7u@cbc.ca,Male,250.224.190.136
284,Cherrita,Pickerell,cpickerell7v@drupal.org,Female,119.95.184.159
285,Hubie,Farrar,hfarrar7w@goo.ne.jp,Male,140.49.161.219
286,Ronda,Deinert,rdeinert7x@earthlink.net,Female,13.19.6.1
287,Kahlil,Wignall,kwignall7y@pagesperso-orange.fr,Male,8.43.183.15
288,Ruddy,Siddons,rsiddons7z@goo.ne.jp,Male,78.87.161.1
289,Yorgos,Alcalde,yalcalde80@paypal.com,Agender,83.9.249.168
290,Reyna,Bonifazio,rbonifazio81@sciencedirect.com,Female,145.60.22.94
291,Tova,Stack,tstack82@si.edu,Female,83.58.141.171
292,Estevan,Dmytryk,edmytryk83@comcast.net,Male,119.129.219.137
293,Bonny,Dinse,bdinse84@edublogs.org,Polygender,201.25.169.210
294,Risa,Jeannequin,rjeannequin85@mozilla.org,Female,132.156.85.204
295,Chad,Di Giorgio,cdigiorgio86@nationalgeographic.com,Male,114.129.253.49
296,Allis,Persian,apersian87@sitemeter.com,Female,49.163.83.219
297,Dalston,Gaskin,dgaskin88@bing.com,Male,76.89.5.9
298,Thibaut,McRae,tmcrae89@topsy.com,Male,59.100.139.162
299,Odilia,Lemar,olemar8a@skyrock.com,Female,170.129.221.57
300,Farrah,Dooley,fdooley8b@rakuten.co.jp,Female,76.135.33.138
301,Gayle,Benadette,gbenadette8c@nsw.gov.au,Genderfluid,118.247.224.177
302,Letitia,Duplain,lduplain8d@nps.gov,Female,71.84.179.232
303,Cordie,Middell,cmiddell8e@vistaprint.com,Male,199.217.134.78
304,Alix,Askew,aaskew8f@google.co.jp,Female,247.178.12.197
305,Beatrisa,Palmer,bpalmer8g@bbc.co.uk,Genderqueer,87.99.2.65
306,Rich,Yakebovitch,ryakebovitch8h@youtube.com,Male,152.90.118.213
307,Saunderson,Mattiato,smattiato8i@google.fr,Male,134.105.59.216
308,Letta,Pitford,lpitford8j@time.com,Female,13.66.65.230
309,Deeann,Dmtrovic,ddmtrovic8k@umn.edu,Female,166.130.117.159
310,Nevil,Robak,nrobak8l@pbs.org,Male,162.215.57.156
311,Keri,O' Dooley,kodooley8m@ameblo.jp,Female,186.16.241.173
312,Abra,Heino,aheino8n@woothemes.com,Female,60.227.186.247
313,Sheila-kathryn,Comelli,scomelli8o@forbes.com,Female,210.88.113.200
314,Myrtle,Kilfether,mkilfether8p@mapy.cz,Agender,147.100.110.82
315,Town,Yarmouth,tyarmouth8q@ucsd.edu,Male,88.164.165.109
316,Thornie,Myatt,tmyatt8r@feedburner.com,Male,34.81.93.118
317,Harmonia,Ramelot,hramelot8s@psu.edu,Female,3.50.47.59
318,Prentiss,Bussey,pbussey8t@csmonitor.com,Male,222.91.89.123
319,Rob,Mattersley,rmattersley8u@twitter.com,Male,2.171.2.45
320,Deeyn,Furmonger,dfurmonger8v@si.edu,Female,19.160.76.131
321,Pierrette,Sagg,psagg8w@free.fr,Female,15.145.145.47
322,Rodrigo,Wildbore,rwildbore8x@mayoclinic.com,Male,157.157.96.123
323,Oona,Feake,ofeake8y@jimdo.com,Female,250.191.151.66
324,Orland,Cossem,ocossem8z@ezinearticles.com,Male,6.132.96.69
325,Nessie,Brosel,nbrosel90@theguardian.com,Female,58.39.194.33
326,Jeromy,Ramsbotham,jramsbotham91@uiuc.edu,Male,142.240.40.0
327,Judon,Stracey,jstracey92@creativecommons.org,Genderqueer,5.26.36.209
328,Mirabel,Winridge,mwinridge93@infoseek.co.jp,Female,127.2.97.146
329,Monte,Sorton,msorton94@photobucket.com,Male,32.234.137.214
330,Viviana,Mergue,vmergue95@answers.com,Female,59.144.246.7
331,Drud,Tromans,dtromans96@shutterfly.com,Male,151.71.228.95
332,Ross,Este,reste97@chron.com,Male,199.148.81.156
333,Loree,Purchon,lpurchon98@gravatar.com,Female,121.214.111.227
334,Ebenezer,Balloch,eballoch99@usatoday.com,Male,123.53.96.62
335,June,McCready,jmccready9a@yellowbook.com,Female,51.40.248.248
336,Fanchette,Widdowes,fwiddowes9b@nationalgeographic.com,Female,153.66.100.154
337,Westbrook,Lampert,wlampert9c@webmd.com,Male,26.190.27.228
338,Dorene,Missenden,dmissenden9d@imdb.com,Non-binary,166.154.54.74
339,Kane,Hibling,khibling9e@multiply.com,Male,231.190.229.20
340,Tish,Danks,tdanks9f@amazon.co.uk,Female,187.6.150.131
341,Libby,Patesel,lpatesel9g@moonfruit.com,Female,50.9.65.79
342,Dyanna,Grossman,dgrossman9h@wp.com,Female,45.199.254.50
343,Dael,Cristea,dcristea9i@psu.edu,Female,165.47.226.8
344,Berny,Baxendale,bbaxendale9j@t-online.de,Male,151.210.188.18
345,Aida,Kirton,akirton9k@marketwatch.com,Female,53.213.15.104
346,Earlie,McCritchie,emccritchie9l@usnews.com,Male,215.182.66.4
347,Trace,Goodlatt,tgoodlatt9m@cbslocal.com,Male,193.51.57.156
348,Way,Karolowski,wkarolowski9n@miibeian.gov.cn,Male,53.106.4.135
349,Tobin,Biset,tbiset9o@stanford.edu,Male,63.242.220.102
350,Delphinia,Darkins,ddarkins9p@washington.edu,Genderqueer,58.24.102.185
351,Thebault,Stones,tstones9q@jigsy.com,Male,221.135.182.90
352,Lina,Killford,lkillford9r@msn.com,Agender,191.245.57.224
353,Melly,Habin,mhabin9s@tamu.edu,Female,92.45.255.43
354,Conroy,Cutford,ccutford9t@dedecms.com,Male,242.139.163.136
355,Ansell,Braunlein,abraunlein9u@etsy.com,Male,159.210.185.198
356,Eimile,Cisson,ecisson9v@accuweather.com,Female,249.181.148.143
357,Mikel,Lieber,mlieber9w@earthlink.net,Male,17.54.201.192
358,Bertie,Gavriel,bgavriel9x@accuweather.com,Male,66.2.173.224
359,Crysta,Endecott,cendecott9y@vkontakte.ru,Female,137.89.173.207
360,Cicily,Cowing,ccowing9z@eepurl.com,Genderfluid,12.38.68.111
361,Del,Phizaclea,dphizacleaa0@cbc.ca,Female,208.199.245.217
362,Enrichetta,Smallthwaite,esmallthwaitea1@zimbio.com,Female,56.145.27.46
363,Josiah,Brockett,jbrocketta2@usatoday.com,Male,69.92.165.131
364,Bald,Streeter,bstreetera3@cloudflare.com,Male,96.246.99.82
365,Alie,Strute,astrutea4@ibm.com,Female,35.76.114.209
366,Rubia,Learoyde,rlearoydea5@cnbc.com,Polygender,203.38.96.209
367,Elsey,Cabrales,ecabralesa6@acquirethisname.com,Female,31.62.174.138
368,Hasty,Bruckstein,hbrucksteina7@barnesandnoble.com,Male,42.155.81.143
369,Nelie,Edwins,nedwinsa8@friendfeed.com,Female,118.68.131.153
370,Shadow,Wathen,swathena9@cloudflare.com,Male,246.179.163.65
371,Wynn,De Courtney,wdecourtneyaa@dailymail.co.uk,Male,75.150.124.146
372,Kimbell,Struss,kstrussab@skyrock.com,Male,205.22.176.150
373,Issi,Pree,ipreeac@fema.gov,Female,64.211.238.45
374,Lynnell,Lanning,llanningad@bizjournals.com,Female,240.51.203.186
375,Mercie,Kolin,mkolinae@comcast.net,Female,15.73.163.105
376,Melvyn,Glavin,mglavinaf@whitehouse.gov,Male,182.22.53.181
377,Brooks,Carrigan,bcarriganag@edublogs.org,Female,19.201.175.224
378,Idaline,Trulock,itrulockah@cornell.edu,Female,205.159.252.109
379,Clark,Father,cfatherai@umn.edu,Male,6.80.137.111
380,Wells,Lucus,wlucusaj@delicious.com,Non-binary,241.81.82.219
381,Peria,Scotchforth,pscotchforthak@sphinn.com,Female,156.37.224.67
382,Earl,Jessopp,ejessoppal@odnoklassniki.ru,Agender,96.79.84.164
383,Thibaut,Bearcroft,tbearcroftam@usatoday.com,Polygender,113.76.234.247
384,Lidia,Myall,lmyallan@cisco.com,Female,147.125.247.47
385,Nikolos,Aldin,naldinao@sourceforge.net,Male,34.206.251.210
386,Merell,Tregale,mtregaleap@mediafire.com,Male,37.121.6.249
387,Evy,Cuncarr,ecuncarraq@paypal.com,Female,206.82.120.253
388,Everett,Whittington,ewhittingtonar@mediafire.com,Male,105.34.9.62
389,Dominic,Webb,dwebbas@mashable.com,Male,80.142.151.209
390,Saudra,Meeus,smeeusat@oaic.gov.au,Female,163.248.168.202
391,Malchy,Tompsett,mtompsettau@geocities.com,Male,109.189.119.43
392,Zebadiah,Hoodless,zhoodlessav@youtube.com,Male,63.137.82.212
393,Jania,Loges,jlogesaw@businesswire.com,Female,39.167.171.38
394,Roman,Kausche,rkauscheax@dot.gov,Polygender,150.134.226.171
395,Jeffrey,Feeney,jfeeneyay@miitbeian.gov.cn,Male,113.126.16.148
396,West,O'Siaghail,wosiaghailaz@reuters.com,Male,102.208.17.194
397,Itch,McNirlin,imcnirlinb0@intel.com,Male,34.208.184.137
398,Walden,Stolze,wstolzeb1@printfriendly.com,Male,131.210.71.28
399,Tanner,Innis,tinnisb2@myspace.com,Male,130.24.13.146
400,Nessie,Hawket,nhawketb3@ehow.com,Polygender,214.18.108.86
401,Herb,Gercken,hgerckenb4@earthlink.net,Male,23.110.9.60
402,Gale,Le Monnier,glemonnierb5@instagram.com,Female,149.59.222.56
403,Carling,Daspar,cdasparb6@ebay.co.uk,Bigender,76.190.249.66
404,Urbanus,Brand-Hardy,ubrandhardyb7@state.tx.us,Male,128.160.118.5
405,Libby,Yeldon,lyeldonb8@thetimes.co.uk,Female,161.134.181.88
406,Carry,Jephson,cjephsonb9@wp.com,Female,119.254.37.200
407,Aldridge,Maidstone,amaidstoneba@msu.edu,Male,127.214.104.171
408,Noell,Nottle,nnottlebb@slashdot.org,Female,78.88.112.237
409,Brennan,Blenkinship,bblenkinshipbc@cbslocal.com,Male,137.253.112.94
410,Godiva,Dimbylow,gdimbylowbd@sina.com.cn,Female,243.170.164.127
411,Cordelia,Learned,clearnedbe@google.es,Female,101.116.26.177
412,Sherlock,Chace,schacebf@parallels.com,Non-binary,176.25.237.245
413,Phillis,Lambotin,plambotinbg@lulu.com,Female,162.47.179.158
414,Francklin,Garham,fgarhambh@g.co,Male,55.155.19.116
415,Ingmar,O'Corhane,iocorhanebi@adobe.com,Male,112.144.214.46
416,Sauncho,Urwin,surwinbj@google.fr,Male,117.181.188.140
417,Dwain,Pogg,dpoggbk@weibo.com,Bigender,100.134.122.48
418,Devora,Foxton,dfoxtonbl@who.int,Female,230.22.206.85
419,Jeramie,Lytle,jlytlebm@mayoclinic.com,Male,213.21.178.158
420,Dena,Zouch,dzouchbn@ebay.co.uk,Female,221.168.212.176
421,Parker,Bridie,pbridiebo@jiathis.com,Male,10.250.127.185
422,Alida,Germain,agermainbp@nytimes.com,Female,101.220.204.164
423,June,Hinrichsen,jhinrichsenbq@vistaprint.com,Female,2.18.97.118
424,Catriona,Dalyell,cdalyellbr@google.com,Female,230.126.172.56
425,Angeline,Cail,acailbs@cbslocal.com,Female,81.80.10.98
426,Rudiger,Hensmans,rhensmansbt@mozilla.com,Male,183.216.111.132
427,Felice,Moyer,fmoyerbu@paginegialle.it,Polygender,239.148.106.77
428,Bradford,Honsch,bhonschbv@sourceforge.net,Male,174.194.36.7
429,Matty,Rosindill,mrosindillbw@mlb.com,Male,114.131.76.200
430,Donavon,Bengtsson,dbengtssonbx@reference.com,Male,114.14.55.127
431,Ikey,Lewzey,ilewzeyby@ustream.tv,Male,114.62.100.125
432,Patric,Stollery,pstollerybz@cdbaby.com,Male,123.66.255.3
433,Sileas,Skilbeck,sskilbeckc0@redcross.org,Female,188.19.148.207
434,Ariella,Peal,apealc1@mtv.com,Female,86.249.179.94
435,Friedrich,Luther,flutherc2@tamu.edu,Male,21.80.41.193
436,Kevina,Hardwich,khardwichc3@gmpg.org,Female,76.39.169.161
437,Inigo,Mucklo,imuckloc4@squarespace.com,Agender,185.60.48.132
438,Christi,Rottcher,crottcherc5@utexas.edu,Female,171.223.173.81
439,Farly,Jumel,fjumelc6@sitemeter.com,Male,199.69.91.234
440,Obed,McLeese,omcleesec7@cpanel.net,Male,112.37.181.43
441,Elset,Werny,ewernyc8@noaa.gov,Female,191.64.123.207
442,Gisele,Tapley,gtapleyc9@liveinternet.ru,Female,30.127.177.10
443,Joyce,Leyrroyd,jleyrroydca@weibo.com,Female,137.27.119.124
444,Arleyne,Barles,abarlescb@google.it,Female,122.237.162.42
445,Ive,Insko,iinskocc@uiuc.edu,Male,154.177.22.222
446,Noby,Hursey,nhurseycd@redcross.org,Male,54.126.104.231
447,Rad,Ricciardello,rricciardelloce@blinklist.com,Male,154.204.187.10
448,Davidson,Zanetello,dzanetellocf@imageshack.us,Male,13.150.137.247
449,Tally,Cubbin,tcubbincg@amazon.co.uk,Male,142.35.169.8
450,Micki,Frantzeni,mfrantzenich@yellowpages.com,Female,91.225.66.246
451,Yul,Ryves,yryvesci@i2i.jp,Male,4.227.215.82
452,Itch,Ginity,iginitycj@cbsnews.com,Male,14.219.105.197
453,Stevana,Lapenna,slapennack@stanford.edu,Female,208.17.254.239
454,Jacobo,Northbridge,jnorthbridgecl@ca.gov,Male,175.39.110.225
455,Dicky,Raftery,drafterycm@google.ru,Male,95.20.47.157
456,Liam,Rostron,lrostroncn@soup.io,Male,168.205.37.206
457,Laraine,Ivons,livonsco@fema.gov,Female,44.197.244.169
458,Chaddie,Bow,cbowcp@studiopress.com,Male,212.186.112.30
459,Freddi,Eversfield,feversfieldcq@technorati.com,Female,120.220.199.197
460,Ab,Higbin,ahigbincr@surveymonkey.com,Male,54.86.160.67
461,Bale,Merrydew,bmerrydewcs@google.cn,Non-binary,208.125.148.54
462,Archaimbaud,Hopkyns,ahopkynsct@nsw.gov.au,Male,190.189.80.188
463,Elfrieda,Hubble,ehubblecu@alexa.com,Female,77.11.152.38
464,Bondy,Sare,bsarecv@nsw.gov.au,Male,178.252.255.90
465,Antonino,Palphramand,apalphramandcw@usatoday.com,Male,60.190.16.206
466,Penny,Shermar,pshermarcx@t-online.de,Female,68.113.107.120
467,Sibella,Mingo,smingocy@arstechnica.com,Female,233.104.99.9
468,Jacquelynn,Ties,jtiescz@nsw.gov.au,Polygender,7.239.179.152
469,Ive,Billyeald,ibillyealdd0@github.com,Male,17.93.70.109
470,Rozella,Sturrock,rsturrockd1@woothemes.com,Female,149.21.91.5
471,Son,Chapleo,schapleod2@about.com,Male,226.118.195.136
472,Jeth,Fiddeman,jfiddemand3@google.pl,Male,71.102.138.80
473,Rafi,Beven,rbevend4@newsvine.com,Male,64.35.242.166
474,Sher,Bartkiewicz,sbartkiewiczd5@hc360.com,Female,164.23.148.15
475,Ervin,Eilert,eeilertd6@google.pl,Male,50.14.127.111
476,Patton,Bentson,pbentsond7@acquirethisname.com,Male,122.52.199.232
477,Had,Mowle,hmowled8@cbslocal.com,Male,239.72.27.222
478,Ave,Jorioz,ajoriozd9@miibeian.gov.cn,Bigender,2.206.113.15
479,Jeannine,Kellett,jkellettda@1und1.de,Female,216.15.62.105
480,Peggie,Shakspeare,pshakspearedb@cnet.com,Female,114.14.80.194
481,Jori,Pretti,jprettidc@squidoo.com,Female,41.170.76.218
482,Waverley,McGettigan,wmcgettigandd@ezinearticles.com,Male,45.81.141.167
483,Barth,Papez,bpapezde@desdev.cn,Male,200.121.122.129
484,Emerson,Ciciura,eciciuradf@nifty.com,Male,220.239.180.174
485,Sloane,Lohde,slohdedg@squidoo.com,Male,176.39.147.95
486,Duff,Grindall,dgrindalldh@msn.com,Male,26.132.85.4
487,Gavin,Uzelli,guzellidi@hp.com,Male,24.235.181.139
488,Genvieve,MacColgan,gmaccolgandj@zdnet.com,Female,74.25.83.118
489,Hynda,Foyle,hfoyledk@e-recht24.de,Female,246.175.72.20
490,Kaitlyn,Burd,kburddl@oracle.com,Female,85.67.185.97
491,Kristin,Laurenson,klaurensondm@sun.com,Female,150.97.138.163
492,Gilda,Oglethorpe,goglethorpedn@businessinsider.com,Female,21.72.214.53
493,Adey,Escudier,aescudierdo@springer.com,Female,36.230.100.227
494,Kermie,Baptie,kbaptiedp@usa.gov,Male,12.177.10.163
495,Winonah,Dansey,wdanseydq@cornell.edu,Female,83.117.83.84
496,Wallace,Edelman,wedelmandr@gov.uk,Non-binary,197.108.200.8
497,Blake,Skrzynski,bskrzynskids@ft.com,Female,136.232.67.79
498,Alla,Diplock,adiplockdt@usgs.gov,Female,210.234.36.144
499,Pearline,Lonergan,plonergandu@cpanel.net,Female,109.107.69.189
500,Sharl,Beinke,sbeinkedv@nba.com,Female,63.242.82.22
501,Rex,Antalffy,rantalffydw@de.vu,Male,174.212.197.216
502,Jami,Casebourne,jcasebournedx@amazon.co.jp,Female,52.114.64.141
503,Joyous,Paine,jpainedy@ucoz.ru,Polygender,16.31.116.210
504,Lenore,Bonwell,lbonwelldz@samsung.com,Female,204.13.187.165
505,Donelle,Loughren,dloughrene0@prnewswire.com,Female,241.145.192.63
506,Reiko,Daingerfield,rdaingerfielde1@forbes.com,Female,191.190.15.99
507,Flo,Bernardy,fbernardye2@hostgator.com,Female,255.5.84.159
508,Isis,Worster,iworstere3@google.es,Female,197.145.239.186
509,Alfy,Simenot,asimenote4@nyu.edu,Female,237.5.174.206
510,Jaime,Merrett,jmerrette5@desdev.cn,Genderqueer,176.90.197.3
511,Pate,Edelmann,pedelmanne6@netvibes.com,Male,100.30.119.81
512,Derrick,Biggin,dbiggine7@google.it,Male,64.252.191.63
513,Evelyn,Gibling,egiblinge8@simplemachines.org,Female,175.68.132.15
514,Sherlock,Silbersak,ssilbersake9@w3.org,Male,196.222.196.160
515,Caralie,Koppes,ckoppesea@friendfeed.com,Female,146.94.153.109
516,Adina,McNiven,amcniveneb@dyndns.org,Non-binary,147.42.151.15
517,Jasper,Bacher,jbacherec@discuz.net,Non-binary,253.142.181.245
518,Goddard,Edon,gedoned@bloomberg.com,Male,19.217.86.204
519,Hamilton,Kobierra,hkobierraee@acquirethisname.com,Male,232.158.119.243
520,Alice,MacKerley,amackerleyef@reference.com,Female,237.36.156.85
521,Bartholomeus,Ringe,bringeeg@usgs.gov,Male,65.59.143.189
522,Kermy,Tyer,ktyereh@tinypic.com,Male,197.180.95.133
523,Urban,Danzey,udanzeyei@army.mil,Male,46.169.240.71
524,Margret,Slatcher,mslatcherej@nymag.com,Female,66.121.232.14
525,Tasha,Doughty,tdoughtyek@hugedomains.com,Female,139.69.54.98
526,Rab,Duddy,rduddyel@miitbeian.gov.cn,Male,80.251.165.156
527,Fred,FitzGibbon,ffitzgibbonem@dropbox.com,Genderfluid,238.15.181.241
528,Chick,Campany,ccampanyen@tripadvisor.com,Male,87.109.110.214
529,Felike,Halfhead,fhalfheadeo@prlog.org,Male,47.107.173.17
530,Jamie,Tuffell,jtuffellep@webeden.co.uk,Female,187.192.27.85
531,Biddy,Pemberton,bpembertoneq@networkadvertising.org,Female,204.134.237.234
532,Catharine,Row,crower@google.es,Female,44.254.62.196
533,Harbert,O'Feeny,hofeenyes@devhub.com,Male,225.69.17.33
534,Caroline,Hackford,chackfordet@imageshack.us,Agender,135.255.91.136
535,Zed,Marioneau,zmarioneaueu@miitbeian.gov.cn,Bigender,229.215.217.192
536,Kerwinn,Crennan,kcrennanev@usda.gov,Genderqueer,116.182.68.20
537,Kelley,Plover,kploverew@rediff.com,Female,150.35.242.220
538,Hector,Olivo,holivoex@china.com.cn,Male,120.217.16.62
539,Chick,Hiscoe,chiscoeey@mozilla.org,Male,130.112.53.206
540,Elsey,Snodin,esnodinez@hugedomains.com,Female,207.23.217.213
541,Taite,Le Strange,tlestrangef0@geocities.com,Male,203.158.15.122
542,Davita,Roddan,droddanf1@businessinsider.com,Non-binary,67.182.68.220
543,Donaugh,Hartford,dhartfordf2@aboutads.info,Male,180.124.243.111
544,Maryellen,Bleackley,mbleackleyf3@opera.com,Female,235.118.103.59
545,Venita,Duerden,vduerdenf4@microsoft.com,Female,39.79.199.109
546,Minor,Figurski,mfigurskif5@aol.com,Male,38.43.75.12
547,Kirsti,Drivers,kdriversf6@cdbaby.com,Female,47.206.38.112
548,Bradly,Ledingham,bledinghamf7@hibu.com,Male,210.200.201.221
549,Farrah,Limrick,flimrickf8@dell.com,Female,139.187.156.120
550,Davidde,Shatliffe,dshatliffef9@163.com,Male,151.232.132.255
551,Frieda,Charlon,fcharlonfa@sfgate.com,Female,39.74.111.92
552,Amargo,Desporte,adesportefb@vkontakte.ru,Female,189.178.32.84
553,Pen,Furniss,pfurnissfc@rakuten.co.jp,Female,6.74.175.85
554,Jermayne,Ciccottini,jciccottinifd@facebook.com,Male,162.69.37.166
555,Pamelina,Dy,pdyfe@guardian.co.uk,Female,119.143.67.188
556,Lemar,Bartlomiejczyk,lbartlomiejczykff@ucla.edu,Male,129.189.243.222
557,Brendan,Este,bestefg@prlog.org,Male,139.39.17.195
558,Artur,McAlarney,amcalarneyfh@vimeo.com,Male,90.196.173.185
559,Sara-ann,O'Carmody,socarmodyfi@ft.com,Genderfluid,110.2.165.197
560,Piper,Doding,pdodingfj@dedecms.com,Female,203.107.24.180
561,Joelie,Tooley,jtooleyfk@twitpic.com,Female,42.79.237.125
562,Ed,Hallihane,ehallihanefl@auda.org.au,Male,118.166.182.39
563,Matilda,Parzis,mparzisfm@guardian.co.uk,Female,63.36.96.61
564,Abdel,Docharty,adochartyfn@facebook.com,Male,202.88.92.60
565,Stevie,Itchingham,sitchinghamfo@zimbio.com,Male,93.222.126.22
566,Neill,Gavrielli,ngavriellifp@slate.com,Male,31.130.32.144
567,Olwen,Ellsworthe,oellsworthefq@hubpages.com,Female,135.208.68.209
568,Davey,Caldicott,dcaldicottfr@mashable.com,Male,224.168.153.253
569,Shadow,Bernhardi,sbernhardifs@google.cn,Male,187.204.72.6
570,Ax,Lydiatt,alydiattft@ucoz.com,Male,61.69.14.216
571,Earvin,Lavalde,elavaldefu@youtu.be,Male,10.164.146.28
572,Robina,Dashkov,rdashkovfv@storify.com,Female,246.83.215.165
573,Rowney,Petcher,rpetcherfw@pinterest.com,Male,198.124.25.96
574,Mead,Hamfleet,mhamfleetfx@shinystat.com,Genderqueer,136.145.101.35
575,Chico,Isaksen,cisaksenfy@unblog.fr,Male,236.160.107.247
576,Philipa,Dawbury,pdawburyfz@sakura.ne.jp,Female,164.18.250.147
577,Cristal,Scheu,cscheug0@ask.com,Female,81.128.44.213
578,Simone,Quincee,squinceeg1@ucla.edu,Male,122.18.238.86
579,Devin,Marjoram,dmarjoramg2@clickbank.net,Female,192.76.140.173
580,Leeann,Goodchild,lgoodchildg3@123-reg.co.uk,Female,55.245.68.69
581,Katheryn,Wildbore,kwildboreg4@sohu.com,Female,85.92.157.224
582,Corrie,Vasyunin,cvasyuning5@nydailynews.com,Female,88.219.52.212
583,Afton,MacCafferty,amaccaffertyg6@vimeo.com,Female,156.90.57.67
584,Dyana,Rodder,drodderg7@hatena.ne.jp,Female,44.154.29.183
585,Lance,Jessep,ljessepg8@wikimedia.org,Male,26.140.52.46
586,Zachariah,Haddow,zhaddowg9@epa.gov,Male,147.20.233.147
587,Eulalie,Kohler,ekohlerga@mashable.com,Female,118.121.113.189
588,Kaye,Ekins,kekinsgb@liveinternet.ru,Female,55.141.106.7
589,Athene,Oleszczak,aoleszczakgc@bigcartel.com,Female,185.195.245.192
590,Jim,Colliss,jcollissgd@g.co,Male,104.174.85.124
591,Adolpho,Meanwell,ameanwellge@mtv.com,Male,204.213.206.232
592,Kory,Howe,khowegf@yahoo.co.jp,Male,53.226.30.112
593,Tedra,Canto,tcantogg@google.co.jp,Female,70.159.147.110
594,Kassi,Stoacley,kstoacleygh@noaa.gov,Genderfluid,64.161.158.237
595,Ware,MacNeilage,wmacneilagegi@studiopress.com,Male,51.14.209.42
596,Catlin,Whiteoak,cwhiteoakgj@com.com,Female,80.72.77.228
597,Dedie,Friett,dfriettgk@livejournal.com,Female,144.132.162.237
598,Ricki,Wais,rwaisgl@i2i.jp,Female,151.40.235.101
599,Gerianna,Iggo,giggogm@sakura.ne.jp,Female,117.240.33.150
600,Mercy,Sibbson,msibbsongn@bloglovin.com,Female,163.236.220.16
601,Ladonna,Khristyukhin,lkhristyukhingo@cmu.edu,Female,234.216.73.219
602,Julius,Leeburne,jleeburnegp@alexa.com,Male,30.186.190.49
603,Thekla,Lubbock,tlubbockgq@geocities.com,Female,202.136.62.3
604,Ali,Munks,amunksgr@opensource.org,Male,183.68.10.211
605,Jasmina,Spurier,jspuriergs@hubpages.com,Female,77.136.38.216
606,Barbabas,Hamblin,bhamblingt@answers.com,Male,203.7.99.155
607,Winston,Waddington,wwaddingtongu@zimbio.com,Male,127.115.177.80
608,Rois,Broy,rbroygv@opera.com,Female,0.223.208.129
609,Quinton,Merrington,qmerringtongw@msn.com,Male,153.83.67.223
610,Dav,Spinetti,dspinettigx@miitbeian.gov.cn,Male,119.221.155.84
611,Idalina,Vassay,ivassaygy@mayoclinic.com,Female,163.233.75.69
612,Godfree,Beaten,gbeatengz@technorati.com,Male,96.111.112.100
613,Sergei,Blomfield,sblomfieldh0@cnbc.com,Male,150.220.242.250
614,Noel,Ivanin,nivaninh1@reuters.com,Male,3.148.24.21
615,Lillian,Polendine,lpolendineh2@imageshack.us,Female,134.106.166.128
616,Demetra,Danjoie,ddanjoieh3@kickstarter.com,Female,187.183.245.22
617,Elena,Cranage,ecranageh4@theguardian.com,Female,199.133.175.101
618,Russ,Jankovsky,rjankovskyh5@ow.ly,Male,184.212.53.219
619,Aguistin,Staggs,astaggsh6@scientificamerican.com,Male,168.63.182.144
620,Floyd,Peealess,fpeealessh7@bbc.co.uk,Male,24.100.159.60
621,Suzie,A'field,safieldh8@biblegateway.com,Female,94.27.40.126
622,Cherin,Lambden,clambdenh9@wikispaces.com,Female,145.65.128.115
623,Morty,Abramski,mabramskiha@unesco.org,Male,219.156.125.64
624,Fredric,Critch,fcritchhb@boston.com,Polygender,216.90.236.232
625,Netty,Blaasch,nblaaschhc@over-blog.com,Female,203.9.104.244
626,Braden,Gehrts,bgehrtshd@tuttocitta.it,Male,126.211.243.115
627,Betsy,Gabbatiss,bgabbatisshe@cmu.edu,Female,82.100.125.68
628,Salomo,Wein,sweinhf@slate.com,Male,123.15.150.85
629,Verine,Gurley,vgurleyhg@scientificamerican.com,Female,3.80.73.31
630,Rheta,Butterfint,rbutterfinthh@zimbio.com,Female,45.137.219.198
631,Ingamar,Jado,ijadohi@csmonitor.com,Male,245.240.61.177
632,Nicol,Long,nlonghj@nyu.edu,Female,12.42.242.204
633,Benita,Borsi,bborsihk@senate.gov,Female,98.216.225.120
634,Arabela,Probets,aprobetshl@yahoo.co.jp,Female,181.171.126.181
635,Morie,Klee,mkleehm@whitehouse.gov,Male,14.69.112.109
636,Jennee,Albury,jalburyhn@blog.com,Polygender,244.17.161.76
637,Darby,Shubotham,dshubothamho@woothemes.com,Male,109.27.67.83
638,Juliana,Budget,jbudgethp@shop-pro.jp,Female,89.123.218.159
639,Zedekiah,Lancaster,zlancasterhq@omniture.com,Male,41.147.108.70
640,Hetty,Andresser,handresserhr@businesswire.com,Female,177.157.23.198
641,Bronson,Coldbathe,bcoldbathehs@ovh.net,Male,53.142.103.235
642,Aloysius,Knights,aknightsht@mapquest.com,Male,66.104.127.213
643,Cheri,Nance,cnancehu@vkontakte.ru,Female,213.111.252.57
644,Malachi,Norman,mnormanhv@cornell.edu,Male,49.190.156.189
645,Jessamine,Longworth,jlongworthhw@wix.com,Female,27.117.255.117
646,Sindee,Florence,sflorencehx@google.com,Female,161.223.36.109
647,Dulcinea,Welbrock,dwelbrockhy@umn.edu,Polygender,153.152.111.25
648,Liza,Ciepluch,lciepluchhz@pagesperso-orange.fr,Female,46.178.184.230
649,Naoma,Cutress,ncutressi0@ovh.net,Female,251.93.139.46
650,Jarrod,Ruffles,jrufflesi1@netscape.com,Male,55.133.220.74
651,Valeria,de Clerc,vdeclerci2@marriott.com,Female,189.114.115.58
652,Ollie,Welch,owelchi3@dailymotion.com,Male,26.10.246.226
653,Kore,Eltune,keltunei4@multiply.com,Bigender,43.30.123.244
654,Pinchas,Andreutti,pandreuttii5@dyndns.org,Male,225.51.54.14
655,Tait,Philpotts,tphilpottsi6@ucoz.ru,Male,7.173.85.64
656,Ailsun,Maypes,amaypesi7@weebly.com,Female,2.5.19.228
657,Claudio,Dalgleish,cdalgleishi8@auda.org.au,Male,126.207.202.30
658,Calli,Dudenie,cdudeniei9@deviantart.com,Female,86.153.185.52
659,Daisey,Tyler,dtyleria@stanford.edu,Female,230.226.37.52
660,Veronica,Corwood,vcorwoodib@bing.com,Agender,13.143.33.165
661,Harriott,Grisard,hgrisardic@tmall.com,Female,107.66.59.199
662,Aguistin,Iacabucci,aiacabucciid@weebly.com,Male,211.165.99.17
663,Joyan,Rooms,jroomsie@cbsnews.com,Female,218.73.23.156
664,Nerita,Marfe,nmarfeif@amazon.co.uk,Female,82.119.111.241
665,Nev,West,nwestig@nbcnews.com,Male,33.39.13.70
666,Husain,Brownlow,hbrownlowih@bloomberg.com,Male,165.53.56.64
667,Wilhelmine,Lindback,wlindbackii@about.me,Female,118.156.213.170
668,Natka,Ruppeli,nruppeliij@oaic.gov.au,Female,18.166.64.127
669,Saree,Folkard,sfolkardik@tinypic.com,Female,51.44.26.126
670,My,Caunt,mcauntil@fc2.com,Male,102.174.189.57
671,Sarge,De Bruijn,sdebruijnim@comcast.net,Male,51.188.237.162
672,Rickie,Depper,rdepperin@woothemes.com,Female,26.7.161.204
673,Fannie,Speight,fspeightio@apple.com,Female,252.157.60.82
674,Hermann,Jaukovic,hjaukovicip@amazon.co.jp,Male,11.209.109.178
675,Hersch,Exley,hexleyiq@twitpic.com,Male,162.20.180.102
676,Jennette,Berrick,jberrickir@auda.org.au,Female,145.251.225.9
677,Loydie,Heselwood,lheselwoodis@people.com.cn,Male,197.52.216.141
678,Ansley,Senogles,asenoglesit@topsy.com,Female,121.143.72.88
679,Reena,Kinset,rkinsetiu@techcrunch.com,Female,223.173.126.226
680,Barny,Reijmers,breijmersiv@blinklist.com,Male,177.19.243.52
681,Mandel,Bousfield,mbousfieldiw@yale.edu,Male,39.106.73.58
682,Teodorico,Dyte,tdyteix@nba.com,Male,19.182.255.164
683,Rochell,Hacquel,rhacqueliy@utexas.edu,Female,252.42.152.23
684,Garv,Fellows,gfellowsiz@wikispaces.com,Male,114.20.55.201
685,Andra,Cleere,acleerej0@google.es,Female,167.254.225.13
686,Brandyn,Caren,bcarenj1@oracle.com,Male,40.200.63.109
687,Pascale,Fowlds,pfowldsj2@networkadvertising.org,Male,202.45.175.135
688,Tobie,Ramard,tramardj3@freewebs.com,Male,242.175.150.91
689,Amil,Canet,acanetj4@blogs.com,Female,89.98.63.224
690,Corri,Purveys,cpurveysj5@wordpress.com,Female,76.167.98.86
691,Conant,Iacobini,ciacobinij6@aol.com,Male,234.149.104.129
692,Addy,McCurt,amccurtj7@unicef.org,Male,170.131.111.93
693,Nadia,Duggen,nduggenj8@tripod.com,Female,73.236.81.111
694,Maryrose,Saker,msakerj9@discovery.com,Female,1.233.96.249
695,Nicky,Raywood,nraywoodja@wiley.com,Male,16.123.72.24
696,Les,Dyerson,ldyersonjb@berkeley.edu,Male,166.177.86.211
697,Raviv,Havoc,rhavocjc@ycombinator.com,Male,135.96.75.209
698,Irita,McRory,imcroryjd@furl.net,Female,108.90.86.173
699,Corbet,Rollinson,crollinsonje@printfriendly.com,Male,215.205.202.193
700,Cheslie,Prinn,cprinnjf@mail.ru,Female,95.172.219.36
701,Bruis,Bramont,bbramontjg@craigslist.org,Male,228.197.62.41
702,Alfi,Dunbobbin,adunbobbinjh@fotki.com,Female,186.105.249.109
703,Conan,Gerring,cgerringji@cnbc.com,Male,143.123.81.213
704,Eve,Jermey,ejermeyjj@japanpost.jp,Female,79.38.192.77
705,Horatio,Hulls,hhullsjk@weebly.com,Male,145.200.234.76
706,Andeee,Itscowics,aitscowicsjl@taobao.com,Female,231.105.128.9
707,Brook,Diboll,bdibolljm@seattletimes.com,Male,221.83.185.206
708,Ethelin,Winterbotham,ewinterbothamjn@spiegel.de,Female,111.168.241.88
709,Charlotta,Wilflinger,cwilflingerjo@wunderground.com,Female,41.108.16.15
710,Wendel,Wilcocke,wwilcockejp@unblog.fr,Male,80.218.92.115
711,Paquito,Leynham,pleynhamjq@sphinn.com,Male,18.6.222.191
712,Mitchell,Soppit,msoppitjr@blogspot.com,Male,75.252.65.176
713,Lorna,Shafier,lshafierjs@last.fm,Female,226.192.22.129
714,Nola,Shord,nshordjt@google.ca,Female,49.49.146.170
715,Davey,Pearcy,dpearcyju@vistaprint.com,Male,218.76.192.193
716,Obed,Cords,ocordsjv@nps.gov,Male,125.177.238.205
717,Trumaine,Staples,tstaplesjw@ocn.ne.jp,Male,142.83.185.124
718,Baxter,Richarson,bricharsonjx@nih.gov,Male,82.239.118.71
719,Chucho,Thiese,cthiesejy@reverbnation.com,Male,197.10.166.12
720,Alexandra,Grafom,agrafomjz@uiuc.edu,Female,211.104.179.76
721,Noland,Shalcras,nshalcrask0@tripadvisor.com,Male,58.254.240.19
722,Dare,Benois,dbenoisk1@bravesites.com,Male,150.116.93.151
723,Alonzo,Keford,akefordk2@zdnet.com,Male,111.169.251.252
724,Krissie,Huffer,khufferk3@opensource.org,Female,92.190.10.34
725,Saree,Ledwith,sledwithk4@storify.com,Female,15.255.15.139
726,Pansie,Dentith,pdentithk5@goo.ne.jp,Female,10.145.109.98
727,Vida,Yedy,vyedyk6@squidoo.com,Bigender,212.118.68.152
728,Alena,Daburn,adaburnk7@hatena.ne.jp,Female,43.171.139.175
729,Rennie,Biermatowicz,rbiermatowiczk8@ehow.com,Female,207.178.128.205
730,Price,Lamzed,plamzedk9@netscape.com,Male,1.6.43.69
731,Ashly,Bramsen,abramsenka@bigcartel.com,Bigender,134.57.200.234
732,Tad,Sichardt,tsichardtkb@sfgate.com,Genderfluid,18.28.38.59
733,Seamus,Cramphorn,scramphornkc@wp.com,Male,226.70.12.41
734,Ruthy,MacDougall,rmacdougallkd@bbc.co.uk,Female,43.112.13.224
735,Berky,Valde,bvaldeke@businessweek.com,Male,246.60.133.211
736,Jessie,Renzini,jrenzinikf@usa.gov,Male,213.211.201.163
737,Jordon,Regenhardt,jregenhardtkg@t.co,Non-binary,213.28.79.234
738,Tilly,Orman,tormankh@forbes.com,Female,190.159.181.202
739,Brinn,Worshall,bworshallki@tinypic.com,Female,223.146.23.239
740,Carson,Millsom,cmillsomkj@google.pl,Male,73.69.149.247
741,Carmencita,Marde,cmardekk@wordpress.org,Female,253.68.59.85
742,Briant,Collingdon,bcollingdonkl@gmpg.org,Bigender,230.163.184.234
743,Boote,Siley,bsileykm@boston.com,Male,155.24.2.90
744,Davine,Bernardoux,dbernardouxkn@youtu.be,Female,111.165.154.80
745,Mack,Lemmens,mlemmensko@youtu.be,Male,20.132.90.134
746,Hervey,McPhaden,hmcphadenkp@google.com.au,Male,193.252.137.234
747,Jerrilyn,Wheatland,jwheatlandkq@opensource.org,Female,16.4.188.163
748,Robb,Danilovich,rdanilovichkr@dot.gov,Male,141.67.61.56
749,Aile,Ruggiero,aruggieroks@businesswire.com,Female,218.160.218.237
750,Sharona,Breadmore,sbreadmorekt@miitbeian.gov.cn,Genderfluid,252.125.160.122
751,Hetty,Wilfling,hwilflingku@timesonline.co.uk,Female,210.231.246.88
752,Culley,Braferton,cbrafertonkv@statcounter.com,Male,210.106.202.102
753,Morgan,Tunbridge,mtunbridgekw@tuttocitta.it,Female,64.36.116.81
754,Lorilyn,Cogzell,lcogzellkx@diigo.com,Bigender,145.34.132.127
755,Sauveur,Lauder,slauderky@canalblog.com,Polygender,99.12.9.118
756,Jefferson,Constant,jconstantkz@mail.ru,Male,19.225.65.216
757,Cory,Werny,cwernyl0@barnesandnoble.com,Male,254.57.37.187
758,Nico,Heffer,nhefferl1@odnoklassniki.ru,Male,172.222.251.114
759,Perri,Beckson,pbecksonl2@hatena.ne.jp,Bigender,163.77.27.104
760,Charlena,Shipman,cshipmanl3@huffingtonpost.com,Female,144.28.27.134
761,Adrianne,Wilber,awilberl4@nationalgeographic.com,Female,167.142.100.217
762,Kendall,Brompton,kbromptonl5@technorati.com,Male,109.101.90.181
763,Maisie,Pickles,mpicklesl6@senate.gov,Female,203.163.146.242
764,Jon,Hadden,jhaddenl7@blog.com,Male,146.33.91.42
765,Zoe,Roby,zrobyl8@stumbleupon.com,Female,250.228.101.154
766,Ruthanne,Mackelworth,rmackelworthl9@amazonaws.com,Female,225.129.105.172
767,Dennison,Wemyss,dwemyssla@barnesandnoble.com,Male,121.89.61.50
768,Derek,Purton,dpurtonlb@accuweather.com,Male,207.131.236.25
769,Audie,Harlowe,aharlowelc@senate.gov,Female,44.232.55.238
770,Rodina,Atthow,ratthowld@jugem.jp,Female,215.71.134.246
771,Averil,Fynn,afynnle@deliciousdays.com,Male,205.53.42.240
772,Allyn,Keilty,akeiltylf@hostgator.com,Bigender,249.119.218.148
773,Kelwin,Gasquoine,kgasquoinelg@google.fr,Male,114.129.18.205
774,Allsun,McMakin,amcmakinlh@auda.org.au,Bigender,100.92.243.239
775,Demetre,Cutress,dcutressli@adobe.com,Male,226.231.116.247
776,Lesley,Westhoff,lwesthofflj@rediff.com,Polygender,87.157.14.2
777,Ashbey,Durek,adureklk@adobe.com,Male,208.179.65.93
778,Seward,Cobbold,scobboldll@skype.com,Genderqueer,34.94.193.228
779,Brent,Elsby,belsbylm@meetup.com,Male,96.100.48.241
780,Pat,Casero,pcaseroln@prnewswire.com,Non-binary,163.253.247.210
781,Matthieu,Axe,maxelo@bloomberg.com,Male,130.0.213.108
782,Pietra,Cobbald,pcobbaldlp@telegraph.co.uk,Female,98.29.207.113
783,Nancy,Kemmet,nkemmetlq@guardian.co.uk,Female,199.65.138.50
784,Bearnard,Dinse,bdinselr@deliciousdays.com,Male,10.212.91.31
785,Susie,Simonel,ssimonells@artisteer.com,Female,68.238.146.108
786,Delmar,Combes,dcombeslt@infoseek.co.jp,Genderfluid,121.220.118.239
787,Cort,Mair,cmairlu@sun.com,Male,160.178.246.175
788,Brice,Beeching,bbeechinglv@miibeian.gov.cn,Genderqueer,133.126.204.231
789,Caesar,Penhaleurack,cpenhaleuracklw@tinyurl.com,Male,79.24.232.87
790,Rollie,Jehaes,rjehaeslx@wsj.com,Male,96.86.203.21
791,Thedric,Haddleston,thaddlestonly@themeforest.net,Male,87.35.45.163
792,Levin,Pidduck,lpidducklz@npr.org,Male,101.219.46.196
793,Selina,Conaboy,sconaboym0@cloudflare.com,Female,143.113.127.234
794,Venita,Stendell,vstendellm1@businessinsider.com,Female,9.50.196.131
795,Hubey,Tilney,htilneym2@surveymonkey.com,Male,168.152.189.249
796,Everard,Di Boldi,ediboldim3@nhs.uk,Male,106.178.172.191
797,Ludvig,Padgett,lpadgettm4@miitbeian.gov.cn,Male,78.95.15.148
798,Arlinda,Gillott,agillottm5@yellowbook.com,Female,8.99.23.222
799,Gratiana,Osbiston,gosbistonm6@statcounter.com,Female,223.70.86.227
800,Ruy,Beckhurst,rbeckhurstm7@123-reg.co.uk,Male,175.120.48.174
801,Welby,Habert,whabertm8@t-online.de,Male,112.215.37.10
802,Alyda,Hall-Gough,ahallgoughm9@vimeo.com,Female,109.45.98.183
803,Grenville,Oosthout de Vree,goosthoutdevreema@chronoengine.com,Male,99.193.164.45
804,Konstance,Daynter,kdayntermb@cafepress.com,Female,149.253.124.16
805,Dino,Kemme,dkemmemc@github.io,Male,177.8.4.95
806,Angelika,Dulinty,adulintymd@go.com,Female,123.191.81.86
807,Shurlock,Falks,sfalksme@answers.com,Male,127.45.213.91
808,Dale,Josefowicz,djosefowiczmf@apache.org,Male,31.129.150.34
809,Bay,Cella,bcellamg@sciencedirect.com,Male,6.161.131.216
810,Alexander,Ide,aidemh@ox.ac.uk,Male,58.86.81.80
811,Jo-ann,Hawney,jhawneymi@examiner.com,Female,115.196.108.175
812,Jaye,Allaker,jallakermj@topsy.com,Agender,103.118.158.231
813,Lilias,Heady,lheadymk@icio.us,Female,10.33.16.77
814,Marybeth,Bracken,mbrackenml@reuters.com,Female,123.183.177.64
815,Baldwin,Scorton,bscortonmm@feedburner.com,Male,78.222.92.143
816,Annecorinne,Slevin,aslevinmn@auda.org.au,Female,44.251.116.54
817,Hurlee,Millwater,hmillwatermo@hao123.com,Male,198.67.111.84
818,Urson,Dalton,udaltonmp@bloglovin.com,Male,168.190.118.9
819,Pincus,Davidescu,pdavidescumq@examiner.com,Male,176.248.161.192
820,Nikki,Werrit,nwerritmr@gmpg.org,Female,196.32.2.80
821,Antonin,Paquet,apaquetms@sogou.com,Male,216.10.222.149
822,Marylinda,Ohm,mohmmt@indiatimes.com,Female,239.151.222.163
823,Tiffany,Godfree,tgodfreemu@sourceforge.net,Female,81.130.59.82
824,Ninnette,Ivanenko,nivanenkomv@census.gov,Female,128.184.218.157
825,Porty,Loweth,plowethmw@moonfruit.com,Male,164.248.195.145
826,Agata,Trousdell,atrousdellmx@cornell.edu,Female,68.86.252.81
827,Charil,Linge,clingemy@tiny.cc,Female,130.115.36.216
828,Claudina,Ianiello,cianiellomz@freewebs.com,Female,150.156.92.217
829,Guilbert,Vidler,gvidlern0@craigslist.org,Male,211.44.190.173
830,Thorstein,Elner,telnern1@msu.edu,Male,15.240.100.215
831,Valentine,Cuxon,vcuxonn2@narod.ru,Female,95.67.124.225
832,Gwennie,Govini,ggovinin3@flickr.com,Female,92.123.83.202
833,Boyce,Povey,bpoveyn4@bluehost.com,Male,207.37.38.66
834,Osgood,Josefs,ojosefsn5@hugedomains.com,Male,60.168.111.254
835,Gavra,Chadwyck,gchadwyckn6@wisc.edu,Female,25.4.133.2
836,Sybyl,Clemendet,sclemendetn7@skype.com,Genderqueer,221.64.243.221
837,Eirena,Carswell,ecarswelln8@issuu.com,Female,110.134.87.240
838,Davis,Gifkins,dgifkinsn9@sfgate.com,Male,169.161.49.197
839,Tory,Gopsall,tgopsallna@mediafire.com,Female,67.52.89.110
840,Lucky,Hiland,lhilandnb@nationalgeographic.com,Female,182.240.68.136
841,Harlan,Males,hmalesnc@mozilla.com,Male,31.240.117.60
842,Kesley,Domerc,kdomercnd@utexas.edu,Female,122.113.153.168
843,Sunshine,Santacrole,ssantacrolene@amazon.com,Female,160.191.74.129
844,Arty,Muzzollo,amuzzollonf@accuweather.com,Male,99.119.233.27
845,Frants,Macquire,fmacquireng@seesaa.net,Genderfluid,93.63.21.244
846,Conny,Avrahm,cavrahmnh@tuttocitta.it,Female,193.159.119.223
847,Prent,Pomroy,ppomroyni@hhs.gov,Male,253.43.249.39
848,Suellen,Ebben,sebbennj@oakley.com,Female,157.108.85.214
849,Gaylord,Dudny,gdudnynk@bizjournals.com,Male,48.85.95.138
850,Papagena,McKeeman,pmckeemannl@ustream.tv,Female,254.90.121.204
851,Lynnea,Caunce,lcauncenm@trellian.com,Female,80.41.197.105
852,Nancie,Axtonne,naxtonnenn@harvard.edu,Female,35.102.234.82
853,Boot,Kell,bkellno@ow.ly,Male,239.116.228.183
854,Orson,Dudson,odudsonnp@ucla.edu,Male,139.2.235.197
855,Sabina,Feavearyear,sfeavearyearnq@fema.gov,Female,155.177.148.250
856,Rufe,Renzini,rrenzininr@vkontakte.ru,Male,210.217.101.49
857,Gaye,Irce,gircens@mayoclinic.com,Female,237.196.55.211
858,Anetta,Luchetti,aluchettint@shinystat.com,Female,220.224.195.63
859,Ugo,Linsey,ulinseynu@jalbum.net,Male,157.55.65.167
860,Curran,Blei,cbleinv@flickr.com,Male,212.196.116.213
861,Konstance,Negus,knegusnw@princeton.edu,Female,84.149.227.6
862,Pippa,Merigon,pmerigonnx@yale.edu,Female,159.162.233.100
863,Gerardo,Ashbe,gashbeny@irs.gov,Male,28.225.135.191
864,Candi,Wrotham,cwrothamnz@comcast.net,Female,140.201.121.230
865,Teodor,Blundon,tblundono0@gov.uk,Male,24.144.225.210
866,Cinderella,Lashbrook,clashbrooko1@cisco.com,Female,12.90.12.117
867,Steven,Grassi,sgrassio2@github.io,Non-binary,91.110.97.245
868,Harli,Boutcher,hboutchero3@chicagotribune.com,Agender,220.12.249.150
869,Jeramey,Borgnet,jborgneto4@storify.com,Male,135.101.99.251
870,Frasquito,Jaulme,fjaulmeo5@gnu.org,Male,128.126.237.37
871,Olva,Ivy,oivyo6@desdev.cn,Female,142.40.124.47
872,Ingram,Coldbathe,icoldbatheo7@sina.com.cn,Male,165.177.138.72
873,Cristina,Dunklee,cdunkleeo8@prnewswire.com,Female,205.179.173.11
874,Rozamond,Leeb,rleebo9@networkadvertising.org,Female,73.206.206.139
875,Mariele,Whacket,mwhacketoa@feedburner.com,Female,209.109.96.111
876,Crin,Espinay,cespinayob@accuweather.com,Female,107.189.17.224
877,Carolyne,Trowle,ctrowleoc@skype.com,Female,118.175.236.4
878,Belia,Twyford,btwyfordod@netscape.com,Female,170.185.140.13
879,Livy,McKirton,lmckirtonoe@icq.com,Female,55.111.244.196
880,Pandora,Schwandt,pschwandtof@cyberchimps.com,Female,81.166.122.54
881,Marianna,McCafferky,mmccafferkyog@cdc.gov,Female,177.39.17.148
882,Stacee,O'Currine,socurrineoh@soup.io,Male,236.91.204.209
883,Rozamond,Bretherton,rbrethertonoi@buzzfeed.com,Female,27.68.222.193
884,Hogan,Loverock,hloverockoj@archive.org,Male,43.222.157.129
885,Neale,Kiddie,nkiddieok@blogtalkradio.com,Polygender,235.91.87.224
886,Charlot,Midgely,cmidgelyol@tumblr.com,Female,174.147.21.61
887,Sayer,Bowers,sbowersom@nyu.edu,Male,6.108.78.230
888,Farrah,Gunton,fguntonon@google.ca,Female,185.14.247.166
889,Vassili,Probetts,vprobettsoo@ycombinator.com,Male,231.162.32.94
890,Josselyn,Adran,jadranop@earthlink.net,Female,45.157.32.111
891,Chick,Holson,cholsonoq@eventbrite.com,Male,139.142.130.184
892,Jermain,Babbe,jbabbeor@ucla.edu,Bigender,44.2.94.27
893,Poppy,Pelz,ppelzos@apache.org,Female,146.54.80.56
894,Louella,Denekamp,ldenekampot@google.com,Female,229.192.63.71
895,Leola,Matthew,lmatthewou@chron.com,Female,206.51.75.9
896,Jessamyn,Verbeke,jverbekeov@github.io,Female,39.55.201.10
897,Herman,Ovize,hovizeow@simplemachines.org,Polygender,250.196.232.93
898,Kelcey,Runchman,krunchmanox@yahoo.co.jp,Female,53.102.59.172
899,Vernon,Benninger,vbenningeroy@ted.com,Male,83.254.103.246
900,Addi,Dowles,adowlesoz@merriam-webster.com,Female,143.174.162.193
901,Carma,Flicker,cflickerp0@state.gov,Female,67.43.170.90
902,Geoffry,Shobrook,gshobrookp1@4shared.com,Polygender,113.92.110.116
903,Rory,Somerset,rsomersetp2@auda.org.au,Male,253.44.29.11
904,Thatcher,Wressell,twressellp3@census.gov,Male,1.206.163.2
905,Goraud,Hamon,ghamonp4@blog.com,Male,75.152.24.153
906,Kendricks,Smallman,ksmallmanp5@wikimedia.org,Male,228.91.10.14
907,Anastasie,Carver,acarverp6@live.com,Bigender,149.227.218.15
908,Norman,Reveland,nrevelandp7@webs.com,Male,200.51.23.52
909,Corie,Wildber,cwildberp8@accuweather.com,Female,177.54.155.176
910,Sheilakathryn,Scobbie,sscobbiep9@cocolog-nifty.com,Female,4.250.249.49
911,Rik,Pevie,rpeviepa@ustream.tv,Male,161.116.70.100
912,Kaylyn,Baum,kbaumpb@dmoz.org,Female,166.213.80.211
913,Malorie,Morhall,mmorhallpc@arizona.edu,Female,61.156.36.238
914,Eziechiele,Beavis,ebeavispd@marriott.com,Male,46.81.136.165
915,Shadow,Munnion,smunnionpe@huffingtonpost.com,Male,92.208.160.133
916,Ariadne,Jeduch,ajeduchpf@wikispaces.com,Female,207.234.226.222
917,Zak,Heinsius,zheinsiuspg@photobucket.com,Male,2.79.38.69
918,Freddie,Wethered,fwetheredph@telegraph.co.uk,Male,148.2.199.195
919,Gustavus,Dawidowitsch,gdawidowitschpi@nba.com,Male,67.113.46.39
920,Jenica,Christofides,jchristofidespj@ow.ly,Female,10.17.30.145
921,Layla,List,llistpk@linkedin.com,Female,84.205.199.44
922,Harlie,Galvin,hgalvinpl@ustream.tv,Female,93.246.42.127
923,Irwinn,Arnson,iarnsonpm@latimes.com,Male,201.169.79.147
924,Charline,Knath,cknathpn@intel.com,Female,52.4.164.38
925,Sile,Collcott,scollcottpo@hugedomains.com,Female,31.123.10.157
926,Coretta,Mazillius,cmazilliuspp@loc.gov,Female,170.251.227.129
927,Mayne,Prigmore,mprigmorepq@bloglines.com,Male,227.188.223.46
928,Caralie,Speek,cspeekpr@csmonitor.com,Female,186.38.89.202
929,Cassius,Moodycliffe,cmoodycliffeps@free.fr,Male,189.6.180.141
930,Drud,Hanley,dhanleypt@nps.gov,Male,180.2.58.14
931,Murvyn,Kenningley,mkenningleypu@github.io,Genderqueer,118.39.63.125
932,Kilian,Switland,kswitlandpv@marketwatch.com,Male,39.135.208.34
933,Harrietta,Woollard,hwoollardpw@washington.edu,Female,99.156.83.130
934,Correy,Abramamovh,cabramamovhpx@ca.gov,Male,218.100.25.163
935,Collin,Pritty,cprittypy@oaic.gov.au,Male,163.85.236.231
936,Joeann,Garfitt,jgarfittpz@ucla.edu,Female,143.102.130.70
937,Clarice,Verty,cvertyq0@etsy.com,Female,150.197.250.56
938,Mable,Stritton,mstrittonq1@blogs.com,Female,199.231.84.184
939,Kaitlin,Petracchi,kpetracchiq2@redcross.org,Female,140.77.68.223
940,Imogene,Manna,imannaq3@geocities.jp,Female,88.98.20.30
941,Winnah,Prendeville,wprendevilleq4@ow.ly,Female,34.46.53.194
942,Beverlie,Carletto,bcarlettoq5@ucla.edu,Female,84.98.13.171
943,Starlin,Steabler,ssteablerq6@altervista.org,Female,175.148.52.210
944,Marge,Fazackerley,mfazackerleyq7@webs.com,Female,11.15.156.172
945,Cris,Derby,cderbyq8@1und1.de,Male,228.146.8.186
946,Nike,Wycliff,nwycliffq9@gmpg.org,Female,43.134.158.88
947,Peri,Harvie,pharvieqa@delicious.com,Female,247.84.150.212
948,Abel,Ethelston,aethelstonqb@cocolog-nifty.com,Male,250.184.18.43
949,Liam,Nern,lnernqc@ning.com,Male,108.164.194.71
950,Ganny,Josuweit,gjosuweitqd@springer.com,Male,155.57.37.248
951,Jonah,Bowhay,jbowhayqe@t.co,Male,183.99.185.236
952,Zoe,Juza,zjuzaqf@state.gov,Female,222.135.112.47
953,Didi,Shearstone,dshearstoneqg@free.fr,Agender,116.51.91.82
954,Jenine,Swetmore,jswetmoreqh@cyberchimps.com,Female,182.211.22.120
955,Octavius,Goode,ogoodeqi@unblog.fr,Male,100.4.207.216
956,Silas,Frean,sfreanqj@123-reg.co.uk,Male,213.162.44.185
957,Les,Ismirnioglou,lismirnioglouqk@amazon.co.jp,Male,228.6.233.144
958,Vachel,Bewick,vbewickql@washington.edu,Genderqueer,124.138.104.170
959,Alex,McParland,amcparlandqm@boston.com,Male,210.144.179.138
960,Dunc,Beining,dbeiningqn@shareasale.com,Genderfluid,189.82.63.240
961,Niles,Dunseath,ndunseathqo@deviantart.com,Male,45.210.146.15
962,Patric,Walsh,pwalshqp@qq.com,Male,162.214.190.18
963,Filbert,Plitz,fplitzqq@unesco.org,Male,37.24.188.132
964,Homerus,Conibeer,hconibeerqr@last.fm,Male,175.132.234.183
965,Libby,McCard,lmccardqs@stumbleupon.com,Female,87.162.199.31
966,Pamela,Stallworthy,pstallworthyqt@mayoclinic.com,Female,42.229.41.169
967,Ellen,Cecchi,ececchiqu@cbslocal.com,Female,212.62.223.149
968,Nichole,Leckey,nleckeyqv@yelp.com,Male,14.7.235.238
969,Horton,Medlen,hmedlenqw@a8.net,Male,100.100.178.53
970,Karlene,Hayne,khayneqx@washingtonpost.com,Bigender,55.125.21.43
971,Rosaline,Lempenny,rlempennyqy@boston.com,Female,27.84.67.8
972,Ethelind,Maraga,emaragaqz@themeforest.net,Female,11.98.218.122
973,Suzie,Assandri,sassandrir0@sphinn.com,Female,18.147.229.57
974,Vitoria,Frame,vframer1@xing.com,Female,166.214.82.148
975,Georgi,Rizzelli,grizzellir2@harvard.edu,Agender,167.107.36.136
976,Cherry,Levings,clevingsr3@constantcontact.com,Female,225.174.232.254
977,Maisey,Lomasna,mlomasnar4@state.gov,Female,108.118.71.213
978,Karlotte,Spaule,kspauler5@last.fm,Female,133.139.244.52
979,Augusto,Mokes,amokesr6@twitpic.com,Male,144.129.249.73
980,Kakalina,Ramstead,kramsteadr7@addthis.com,Female,185.186.41.28
981,Lock,Butterfint,lbutterfintr8@artisteer.com,Male,32.31.51.198
982,Garnette,Godley,ggodleyr9@seesaa.net,Female,92.212.81.196
983,Truda,Spybey,tspybeyra@unblog.fr,Female,100.113.61.133
984,Leroi,Dilleston,ldillestonrb@miibeian.gov.cn,Male,230.106.241.22
985,El,Swetmore,eswetmorerc@godaddy.com,Male,25.86.242.73
986,Elga,Sime,esimerd@yahoo.com,Female,45.4.254.27
987,Tymon,Vaen,tvaenre@clickbank.net,Male,255.252.253.71
988,Rhianna,Pittam,rpittamrf@reddit.com,Female,25.231.138.100
989,Arnie,Derrett,aderrettrg@indiatimes.com,Male,179.234.102.128
990,Merci,Rookeby,mrookebyrh@google.com.au,Female,219.57.120.58
991,Aleksandr,Sweatman,asweatmanri@ted.com,Male,62.255.179.102
992,Alysa,Fladgate,afladgaterj@narod.ru,Female,212.19.146.217
993,Felicio,Seneschal,fseneschalrk@homestead.com,Male,251.203.108.44
994,Guido,Tarney,gtarneyrl@europa.eu,Male,116.64.81.228
995,Grace,McGavin,gmcgavinrm@cbslocal.com,Male,170.62.69.206
996,Matty,Hampstead,mhampsteadrn@un.org,Female,112.83.2.194
997,Clarke,Orneles,cornelesro@reverbnation.com,Male,57.106.238.145
998,Rebe,Gowling,rgowlingrp@is.gd,Female,52.88.9.217
999,Pandora,Maffey,pmaffeyrq@goodreads.com,Female,147.248.16.63
1000,Jeane,Delhay,jdelhayrr@list-manage.com,Female,151.139.18.84
